timestamp,trial_id,planner_id,target_label,target_x,target_y,target_z,start_x,start_y,start_z,success,success_alpha,success_alpha_index,num_alpha_attempts,num_failed_alphas,num_interpolation_steps,alphas_tried,alphas_failed,planning_time_success_s,planning_time_total_s,num_traj_points,traj_duration_s
1763106488.936312,1,RRTConnectkConfigDefault,A,0.6,0.1,0.95,-1.0924594562311543e-16,-0.050000000000000086,2.0109999999999997,1,0.9,1,2,1,1,1.00;0.90,1.00,0.16209721565246582,10.265080213546753,60,3.141050407
1763106498.8297532,2,RRTConnectkConfigDefault,B,-0.6,-0.5,1.5,-1.0924594562311543e-16,-0.050000000000000086,2.0109999999999997,1,1.0,0,1,0,0,1.00,,0.13191580772399902,0.13191580772399902,52,3.3332819750000002
1763106559.5544457,3,RRTConnectkConfigDefault,TOP_DIAG,0.45,0.45,1.8,-1.0924594562311543e-16,-0.050000000000000086,2.0109999999999997,1,0.55,4,5,4,4,1.00;0.90;0.80;0.70;0.55,1.00;0.90;0.80;0.70,0.15391230583190918,40.916146993637085,20,1.973908614
1763106580.1918778,4,RRTConnectkConfigDefault,LOW_BACK,-0.2,-0.8,0.65,-1.0924594562311543e-16,-0.050000000000000086,2.0109999999999997,1,0.8,2,3,2,2,1.00;0.90;0.80,1.00;0.90,0.22247719764709473,20.44579839706421,61,3.110600759
1763106580.468688,5,RRTConnectkConfigDefault,SIDE_SWEEP,0.8,-0.15,1.1,-1.0924594562311543e-16,-0.050000000000000086,2.0109999999999997,1,1.0,0,1,0,0,1.00,,0.2217881679534912,0.2217881679534912,34,2.846984782
1763106580.69228,6,RRTConnectkConfigDefault,A,0.6,0.1,0.95,-1.0924594562311543e-16,-0.050000000000000086,2.0109999999999997,1,1.0,0,1,0,0,1.00,,0.11590766906738281,0.11590766906738281,65,5.013870945
1763106598.6270053,7,RRTConnectkConfigDefault,B,-0.6,-0.5,1.5,-1.0924594562311543e-16,-0.050000000000000086,2.0109999999999997,1,1.0,0,1,0,0,1.00,,0.16764259338378906,0.16764259338378906,53,3.7351397520000003
1763106659.5692565,8,RRTConnectkConfigDefault,TOP_DIAG,0.45,0.45,1.8,-1.0924594562311543e-16,-0.050000000000000086,2.0109999999999997,1,0.55,4,5,4,4,1.00;0.90;0.80;0.70;0.55,1.00;0.90;0.80;0.70,0.12399530410766602,41.111528396606445,20,1.9728145289999999
1763106679.8686128,9,RRTConnectkConfigDefault,LOW_BACK,-0.2,-0.8,0.65,-1.0924594562311543e-16,-0.050000000000000086,2.0109999999999997,1,0.8,2,3,2,2,1.00;0.90;0.80,1.00;0.90,0.09148979187011719,20.247421979904175,61,3.105194492
1763106680.0185223,10,RRTConnectkConfigDefault,SIDE_SWEEP,0.8,-0.15,1.1,-1.0924594562311543e-16,-0.050000000000000086,2.0109999999999997,1,1.0,0,1,0,0,1.00,,0.10489273071289062,0.10489273071289062,52,2.946180482
1763106680.250957,11,RRTConnectkConfigDefault,A,0.6,0.1,0.95,-1.0924594562311543e-16,-0.050000000000000086,2.0109999999999997,1,1.0,0,1,0,0,1.00,,0.16081643104553223,0.16081643104553223,67,3.2786275590000002
1763106698.5379584,12,RRTConnectkConfigDefault,B,-0.6,-0.5,1.5,-1.0924594562311543e-16,-0.050000000000000086,2.0109999999999997,1,1.0,0,1,0,0,1.00,,0.13134002685546875,0.13134002685546875,25,2.398525763
1763106759.5169036,13,RRTConnectkConfigDefault,TOP_DIAG,0.45,0.45,1.8,-1.0924594562311543e-16,-0.050000000000000086,2.0109999999999997,1,0.55,4,5,4,4,1.00;0.90;0.80;0.70;0.55,1.00;0.90;0.80;0.70,0.10093498229980469,41.05722403526306,20,1.9689359990000002
1763106780.5542035,14,RRTConnectkConfigDefault,LOW_BACK,-0.2,-0.8,0.65,-1.0924594562311543e-16,-0.050000000000000086,2.0109999999999997,1,0.8,2,3,2,2,1.00;0.90;0.80,1.00;0.90,0.18604803085327148,20.966858625411987,61,3.109091446
1763106780.742196,15,RRTConnectkConfigDefault,SIDE_SWEEP,0.8,-0.15,1.1,-1.0924594562311543e-16,-0.050000000000000086,2.0109999999999997,1,1.0,0,1,0,0,1.00,,0.1289844512939453,0.1289844512939453,49,2.824435611
1763106781.05291,16,RRTstarkConfigDefault,A,0.6,0.1,0.95,-1.0924594562311543e-16,-0.050000000000000086,2.0109999999999997,1,1.0,0,1,0,0,1.00,,0.2453770637512207,0.2453770637512207,55,3.091203609
1763106798.7017546,17,RRTstarkConfigDefault,B,-0.6,-0.5,1.5,-1.0924594562311543e-16,-0.050000000000000086,2.0109999999999997,1,1.0,0,1,0,0,1.00,,0.2122485637664795,0.2122485637664795,25,2.3971945
1763106859.4941044,18,RRTstarkConfigDefault,TOP_DIAG,0.45,0.45,1.8,-1.0924594562311543e-16,-0.050000000000000086,2.0109999999999997,1,0.55,4,5,4,4,1.00;0.90;0.80;0.70;0.55,1.00;0.90;0.80;0.70,0.09920907020568848,40.91996431350708,20,1.970961465
1763106880.5438976,19,RRTstarkConfigDefault,LOW_BACK,-0.2,-0.8,0.65,-1.0924594562311543e-16,-0.050000000000000086,2.0109999999999997,1,0.8,2,3,2,2,1.00;0.90;0.80,1.00;0.90,0.19101810455322266,20.99721646308899,61,3.110580997
1763106880.7715726,20,RRTstarkConfigDefault,SIDE_SWEEP,0.8,-0.15,1.1,-1.0924594562311543e-16,-0.050000000000000086,2.0109999999999997,1,1.0,0,1,0,0,1.00,,0.1176297664642334,0.1176297664642334,48,3.626275514
1763106881.049119,21,RRTstarkConfigDefault,A,0.6,0.1,0.95,-1.0924594562311543e-16,-0.050000000000000086,2.0109999999999997,1,1.0,0,1,0,0,1.00,,0.21901535987854004,0.21901535987854004,68,3.35164068
1763106898.6577816,22,RRTstarkConfigDefault,B,-0.6,-0.5,1.5,-1.0924594562311543e-16,-0.050000000000000086,2.0109999999999997,1,1.0,0,1,0,0,1.00,,0.04976987838745117,0.04976987838745117,25,2.369940688
1763106958.9325225,23,RRTstarkConfigDefault,TOP_DIAG,0.45,0.45,1.8,-1.0924594562311543e-16,-0.050000000000000086,2.0109999999999997,1,0.55,4,5,4,4,1.00;0.90;0.80;0.70;0.55,1.00;0.90;0.80;0.70,0.07190465927124023,40.49202632904053,20,1.973169231
1763106979.571605,24,RRTstarkConfigDefault,LOW_BACK,-0.2,-0.8,0.65,-1.0924594562311543e-16,-0.050000000000000086,2.0109999999999997,1,0.8,2,3,2,2,1.00;0.90;0.80,1.00;0.90,0.17634916305541992,20.5249125957489,61,3.111906814
1763106989.9420867,25,RRTstarkConfigDefault,SIDE_SWEEP,0.8,-0.15,1.1,-1.0924594562311543e-16,-0.050000000000000086,2.0109999999999997,1,0.9,1,2,1,1,1.00;0.90,1.00,0.10768938064575195,10.211338520050049,55,3.220593681
1763106990.124924,26,RRTstarkConfigDefault,A,0.6,0.1,0.95,-1.0924594562311543e-16,-0.050000000000000086,2.0109999999999997,1,1.0,0,1,0,0,1.00,,0.13280200958251953,0.13280200958251953,60,3.080659001
1763106998.5339446,27,RRTstarkConfigDefault,B,-0.6,-0.5,1.5,-1.0924594562311543e-16,-0.050000000000000086,2.0109999999999997,1,1.0,0,1,0,0,1.00,,0.13802504539489746,0.13802504539489746,49,3.674802589
1763107059.57247,28,RRTstarkConfigDefault,TOP_DIAG,0.45,0.45,1.8,-1.0924594562311543e-16,-0.050000000000000086,2.0109999999999997,1,0.55,4,5,4,4,1.00;0.90;0.80;0.70;0.55,1.00;0.90;0.80;0.70,0.11085224151611328,41.09731888771057,20,1.969204073
1763107080.2305925,29,RRTstarkConfigDefault,LOW_BACK,-0.2,-0.8,0.65,-1.0924594562311543e-16,-0.050000000000000086,2.0109999999999997,1,0.8,2,3,2,2,1.00;0.90;0.80,1.00;0.90,0.2036278247833252,20.579752445220947,61,3.125852223
1763107090.648538,30,RRTstarkConfigDefault,SIDE_SWEEP,0.8,-0.15,1.1,-1.0924594562311543e-16,-0.050000000000000086,2.0109999999999997,1,0.9,1,2,1,1,1.00;0.90,1.00,0.06631040573120117,10.242300748825073,55,3.245248961
1763107091.4522233,31,PRMkConfigDefault,A,0.6,0.1,0.95,-1.0924594562311543e-16,-0.050000000000000086,2.0109999999999997,1,1.0,0,1,0,0,1.00,,0.7269265651702881,0.7269265651702881,56,3.080496966
1763107098.5544229,32,PRMkConfigDefault,B,-0.6,-0.5,1.5,-1.0924594562311543e-16,-0.050000000000000086,2.0109999999999997,1,1.0,0,1,0,0,1.00,,0.1242368221282959,0.1242368221282959,49,3.162935145
1763107159.1450217,33,PRMkConfigDefault,TOP_DIAG,0.45,0.45,1.8,-1.0924594562311543e-16,-0.050000000000000086,2.0109999999999997,1,0.55,4,5,4,4,1.00;0.90;0.80;0.70;0.55,1.00;0.90;0.80;0.70,0.1672227382659912,40.67419147491455,20,1.970860651
1763107189.8662372,34,PRMkConfigDefault,LOW_BACK,-0.2,-0.8,0.65,-1.0924594562311543e-16,-0.050000000000000086,2.0109999999999997,1,0.7,3,4,3,3,1.00;0.90;0.80;0.70,1.00;0.90;0.80,0.27504420280456543,30.58091902732849,67,3.5736030420000002
1763107190.325814,35,PRMkConfigDefault,SIDE_SWEEP,0.8,-0.15,1.1,-1.0924594562311543e-16,-0.050000000000000086,2.0109999999999997,1,1.0,0,1,0,0,1.00,,0.3641519546508789,0.3641519546508789,55,3.108643711
1763107210.8880062,36,PRMkConfigDefault,A,0.6,0.1,0.95,-1.0924594562311543e-16,-0.050000000000000086,2.0109999999999997,1,0.8,2,3,2,2,1.00;0.90;0.80,1.00;0.90,0.16572284698486328,20.444791078567505,50,3.104879152
1763107211.1081786,37,PRMkConfigDefault,B,-0.6,-0.5,1.5,-1.0924594562311543e-16,-0.050000000000000086,2.0109999999999997,1,1.0,0,1,0,0,1.00,,0.15337705612182617,0.15337705612182617,25,2.397103259
1763107260.651049,38,PRMkConfigDefault,TOP_DIAG,0.45,0.45,1.8,-1.0924594562311543e-16,-0.050000000000000086,2.0109999999999997,1,0.55,4,5,4,4,1.00;0.90;0.80;0.70;0.55,1.00;0.90;0.80;0.70,0.06537151336669922,42.220739126205444,20,1.971913101
1763107281.2200203,39,PRMkConfigDefault,LOW_BACK,-0.2,-0.8,0.65,-1.0924594562311543e-16,-0.050000000000000086,2.0109999999999997,1,0.8,2,3,2,2,1.00;0.90;0.80,1.00;0.90,0.14549517631530762,20.37043070793152,61,3.119449992
1763107291.6807876,40,PRMkConfigDefault,SIDE_SWEEP,0.8,-0.15,1.1,-1.0924594562311543e-16,-0.050000000000000086,2.0109999999999997,1,0.9,1,2,1,1,1.00;0.90,1.00,0.040511369705200195,10.356675148010254,69,3.85072998
1763107291.9479568,41,PRMkConfigDefault,A,0.6,0.1,0.95,-1.0924594562311543e-16,-0.050000000000000086,2.0109999999999997,1,1.0,0,1,0,0,1.00,,0.18614625930786133,0.18614625930786133,52,2.954653718
1763107298.6751328,42,PRMkConfigDefault,B,-0.6,-0.5,1.5,-1.0924594562311543e-16,-0.050000000000000086,2.0109999999999997,1,1.0,0,1,0,0,1.00,,0.1931314468383789,0.1931314468383789,25,2.398997717
1763107359.9244902,43,PRMkConfigDefault,TOP_DIAG,0.45,0.45,1.8,-1.0924594562311543e-16,-0.050000000000000086,2.0109999999999997,1,0.55,4,5,4,4,1.00;0.90;0.80;0.70;0.55,1.00;0.90;0.80;0.70,0.07374143600463867,41.49531602859497,20,1.973346829
1763107390.8196301,44,PRMkConfigDefault,LOW_BACK,-0.2,-0.8,0.65,-1.0924594562311543e-16,-0.050000000000000086,2.0109999999999997,1,0.7,3,4,3,3,1.00;0.90;0.80;0.70,1.00;0.90;0.80,0.1020512580871582,30.769111156463623,80,3.5751446380000003
1763107391.1237483,45,PRMkConfigDefault,SIDE_SWEEP,0.8,-0.15,1.1,-1.0924594562311543e-16,-0.050000000000000086,2.0109999999999997,1,1.0,0,1,0,0,1.00,,0.1825730800628662,0.1825730800628662,53,3.022883146
1763107401.7103405,46,PRMstarkConfigDefault,A,0.6,0.1,0.95,-1.0924594562311543e-16,-0.050000000000000086,2.0109999999999997,1,0.9,1,2,1,1,1.00;0.90,1.00,0.132340669631958,10.481167554855347,70,4.49225625
1763107401.915155,47,PRMstarkConfigDefault,B,-0.6,-0.5,1.5,-1.0924594562311543e-16,-0.050000000000000086,2.0109999999999997,1,1.0,0,1,0,0,1.00,,0.1309800148010254,0.1309800148010254,25,2.38101722
1763107469.896326,48,PRMstarkConfigDefault,TOP_DIAG,0.45,0.45,1.8,-1.0924594562311543e-16,-0.050000000000000086,2.0109999999999997,1,0.4,5,6,5,5,1.00;0.90;0.80;0.70;0.55;0.40,1.00;0.90;0.80;0.70;0.55,0.0782918930053711,51.35097694396973,19,2.018951794
1763107490.8818305,49,PRMstarkConfigDefault,LOW_BACK,-0.2,-0.8,0.65,-1.0924594562311543e-16,-0.050000000000000086,2.0109999999999997,1,0.8,2,3,2,2,1.00;0.90;0.80,1.00;0.90,0.20732855796813965,20.86039113998413,61,3.108917202
1763107491.219774,50,PRMstarkConfigDefault,SIDE_SWEEP,0.8,-0.15,1.1,-1.0924594562311543e-16,-0.050000000000000086,2.0109999999999997,1,1.0,0,1,0,0,1.00,,0.18642783164978027,0.18642783164978027,48,3.6109498650000003
1763107491.426091,51,PRMstarkConfigDefault,A,0.6,0.1,0.95,-1.0924594562311543e-16,-0.050000000000000086,2.0109999999999997,1,1.0,0,1,0,0,1.00,,0.15046167373657227,0.15046167373657227,60,3.06732418
1763107498.5864542,52,PRMstarkConfigDefault,B,-0.6,-0.5,1.5,-1.0924594562311543e-16,-0.050000000000000086,2.0109999999999997,1,1.0,0,1,0,0,1.00,,0.10828447341918945,0.10828447341918945,50,3.541501063
1763107559.9143937,53,PRMstarkConfigDefault,TOP_DIAG,0.45,0.45,1.8,-1.0924594562311543e-16,-0.050000000000000086,2.0109999999999997,1,0.55,4,5,4,4,1.00;0.90;0.80;0.70;0.55,1.00;0.90;0.80;0.70,0.07904553413391113,41.345927238464355,20,1.972508773
1763107591.129981,54,PRMstarkConfigDefault,LOW_BACK,-0.2,-0.8,0.65,-1.0924594562311543e-16,-0.050000000000000086,2.0109999999999997,1,0.7,3,4,3,3,1.00;0.90;0.80;0.70,1.00;0.90;0.80,0.16640520095825195,31.04938268661499,62,3.201766143
1763107591.6724536,55,PRMstarkConfigDefault,SIDE_SWEEP,0.8,-0.15,1.1,-1.0924594562311543e-16,-0.050000000000000086,2.0109999999999997,1,1.0,0,1,0,0,1.00,,0.4274306297302246,0.4274306297302246,50,2.956476829
1763107591.9153373,56,PRMstarkConfigDefault,A,0.6,0.1,0.95,-1.0924594562311543e-16,-0.050000000000000086,2.0109999999999997,1,1.0,0,1,0,0,1.00,,0.1929466724395752,0.1929466724395752,67,3.2590742329999998
1763107598.5490775,57,PRMstarkConfigDefault,B,-0.6,-0.5,1.5,-1.0924594562311543e-16,-0.050000000000000086,2.0109999999999997,1,1.0,0,1,0,0,1.00,,0.1410825252532959,0.1410825252532959,53,3.475424737
1763107659.2276242,58,PRMstarkConfigDefault,TOP_DIAG,0.45,0.45,1.8,-1.0924594562311543e-16,-0.050000000000000086,2.0109999999999997,1,0.55,4,5,4,4,1.00;0.90;0.80;0.70;0.55,1.00;0.90;0.80;0.70,0.12806153297424316,40.730496883392334,20,1.9725854470000002
1763107680.0784004,59,PRMstarkConfigDefault,LOW_BACK,-0.2,-0.8,0.65,-1.0924594562311543e-16,-0.050000000000000086,2.0109999999999997,1,0.8,2,3,2,2,1.00;0.90;0.80,1.00;0.90,0.12347245216369629,20.78884220123291,61,3.119614642
1763107680.2826114,60,PRMstarkConfigDefault,SIDE_SWEEP,0.8,-0.15,1.1,-1.0924594562311543e-16,-0.050000000000000086,2.0109999999999997,1,1.0,0,1,0,0,1.00,,0.1304471492767334,0.1304471492767334,39,2.84347853
1763107680.4548178,61,BKPIECEkConfigDefault,A,0.6,0.1,0.95,-1.0924594562311543e-16,-0.050000000000000086,2.0109999999999997,1,1.0,0,1,0,0,1.00,,0.13427114486694336,0.13427114486694336,60,3.065700889
1763107708.9161541,62,BKPIECEkConfigDefault,B,-0.6,-0.5,1.5,-1.0924594562311543e-16,-0.050000000000000086,2.0109999999999997,1,0.9,1,2,1,1,1.00;0.90,1.00,0.10916328430175781,10.412845849990845,51,3.162645192
1763107760.0901794,63,BKPIECEkConfigDefault,TOP_DIAG,0.45,0.45,1.8,-1.0924594562311543e-16,-0.050000000000000086,2.0109999999999997,1,0.55,4,5,4,4,1.00;0.90;0.80;0.70;0.55,1.00;0.90;0.80;0.70,0.2595968246459961,41.57450461387634,20,1.968094941
1763107780.457574,64,BKPIECEkConfigDefault,LOW_BACK,-0.2,-0.8,0.65,-1.0924594562311543e-16,-0.050000000000000086,2.0109999999999997,1,0.8,2,3,2,2,1.00;0.90;0.80,1.00;0.90,0.11195588111877441,20.25175452232361,61,3.117537437
1763107780.628144,65,BKPIECEkConfigDefault,SIDE_SWEEP,0.8,-0.15,1.1,-1.0924594562311543e-16,-0.050000000000000086,2.0109999999999997,1,1.0,0,1,0,0,1.00,,0.10998892784118652,0.10998892784118652,64,3.704255218
1763107780.8424263,66,BKPIECEkConfigDefault,A,0.6,0.1,0.95,-1.0924594562311543e-16,-0.050000000000000086,2.0109999999999997,1,1.0,0,1,0,0,1.00,,0.13167858123779297,0.13167858123779297,69,3.345136326
1763107798.882428,67,BKPIECEkConfigDefault,B,-0.6,-0.5,1.5,-1.0924594562311543e-16,-0.050000000000000086,2.0109999999999997,1,1.0,0,1,0,0,1.00,,0.13524818420410156,0.13524818420410156,25,2.404760347
1763107860.0852292,68,BKPIECEkConfigDefault,TOP_DIAG,0.45,0.45,1.8,-1.0924594562311543e-16,-0.050000000000000086,2.0109999999999997,1,0.55,4,5,4,4,1.00;0.90;0.80;0.70;0.55,1.00;0.90;0.80;0.70,0.11922478675842285,41.58041715621948,20,1.968142184
1763107881.0935304,69,BKPIECEkConfigDefault,LOW_BACK,-0.2,-0.8,0.65,-1.0924594562311543e-16,-0.050000000000000086,2.0109999999999997,1,0.8,2,3,2,2,1.00;0.90;0.80,1.00;0.90,0.11418676376342773,20.94978904724121,61,3.184027972
1763107881.3930764,70,BKPIECEkConfigDefault,SIDE_SWEEP,0.8,-0.15,1.1,-1.0924594562311543e-16,-0.050000000000000086,2.0109999999999997,1,1.0,0,1,0,0,1.00,,0.25333666801452637,0.25333666801452637,47,3.696274097
1763107881.738784,71,BKPIECEkConfigDefault,A,0.6,0.1,0.95,-1.0924594562311543e-16,-0.050000000000000086,2.0109999999999997,1,1.0,0,1,0,0,1.00,,0.2358853816986084,0.2358853816986084,51,3.060656937
1763107909.2088377,72,BKPIECEkConfigDefault,B,-0.6,-0.5,1.5,-1.0924594562311543e-16,-0.050000000000000086,2.0109999999999997,1,0.9,1,2,1,1,1.00;0.90,1.00,0.22072815895080566,10.734152793884277,27,2.529935502
1763107959.441173,73,BKPIECEkConfigDefault,TOP_DIAG,0.45,0.45,1.8,-1.0924594562311543e-16,-0.050000000000000086,2.0109999999999997,1,0.55,4,5,4,4,1.00;0.90;0.80;0.70;0.55,1.00;0.90;0.80;0.70,0.1342456340789795,40.9737491607666,20,1.97010339
1763107980.376241,74,BKPIECEkConfigDefault,LOW_BACK,-0.2,-0.8,0.65,-1.0924594562311543e-16,-0.050000000000000086,2.0109999999999997,1,0.8,2,3,2,2,1.00;0.90;0.80,1.00;0.90,0.14768052101135254,20.808340311050415,61,3.119360441
1763107980.622061,75,BKPIECEkConfigDefault,SIDE_SWEEP,0.8,-0.15,1.1,-1.0924594562311543e-16,-0.050000000000000086,2.0109999999999997,1,1.0,0,1,0,0,1.00,,0.14052629470825195,0.14052629470825195,51,2.868826307
1763107980.7780495,76,LBKPIECEkConfigDefault,A,0.6,0.1,0.95,-1.0924594562311543e-16,-0.050000000000000086,2.0109999999999997,1,1.0,0,1,0,0,1.00,,0.10853099822998047,0.10853099822998047,67,3.243988774
1763107998.6443167,77,LBKPIECEkConfigDefault,B,-0.6,-0.5,1.5,-1.0924594562311543e-16,-0.050000000000000086,2.0109999999999997,1,1.0,0,1,0,0,1.00,,0.23858404159545898,0.23858404159545898,65,5.304827381
1763108059.3434517,78,LBKPIECEkConfigDefault,TOP_DIAG,0.45,0.45,1.8,-1.0924594562311543e-16,-0.050000000000000086,2.0109999999999997,1,0.55,4,5,4,4,1.00;0.90;0.80;0.70;0.55,1.00;0.90;0.80;0.70,0.09775424003601074,40.77022838592529,20,1.973279625
1763108080.1752026,79,LBKPIECEkConfigDefault,LOW_BACK,-0.2,-0.8,0.65,-1.0924594562311543e-16,-0.050000000000000086,2.0109999999999997,1,0.8,2,3,2,2,1.00;0.90;0.80,1.00;0.90,0.05581831932067871,20.786604166030884,61,3.118641181
1763108080.3917549,80,LBKPIECEkConfigDefault,SIDE_SWEEP,0.8,-0.15,1.1,-1.0924594562311543e-16,-0.050000000000000086,2.0109999999999997,1,1.0,0,1,0,0,1.00,,0.16675162315368652,0.16675162315368652,65,3.732510316
1763108080.7016637,81,LBKPIECEkConfigDefault,A,0.6,0.1,0.95,-1.0924594562311543e-16,-0.050000000000000086,2.0109999999999997,1,1.0,0,1,0,0,1.00,,0.1778576374053955,0.1778576374053955,60,3.073071249
1763108098.5888903,82,LBKPIECEkConfigDefault,B,-0.6,-0.5,1.5,-1.0924594562311543e-16,-0.050000000000000086,2.0109999999999997,1,1.0,0,1,0,0,1.00,,0.16000819206237793,0.16000819206237793,25,2.385829133
1763108159.257681,83,LBKPIECEkConfigDefault,TOP_DIAG,0.45,0.45,1.8,-1.0924594562311543e-16,-0.050000000000000086,2.0109999999999997,1,0.55,4,5,4,4,1.00;0.90;0.80;0.70;0.55,1.00;0.90;0.80;0.70,0.04005002975463867,40.84046769142151,20,1.972520894
1763108180.203635,84,LBKPIECEkConfigDefault,LOW_BACK,-0.2,-0.8,0.65,-1.0924594562311543e-16,-0.050000000000000086,2.0109999999999997,1,0.8,2,3,2,2,1.00;0.90;0.80,1.00;0.90,0.12121176719665527,20.845929384231567,61,3.11047417
1763108180.4888842,85,LBKPIECEkConfigDefault,SIDE_SWEEP,0.8,-0.15,1.1,-1.0924594562311543e-16,-0.050000000000000086,2.0109999999999997,1,1.0,0,1,0,0,1.00,,0.16757845878601074,0.16757845878601074,47,2.800041819
1763108180.7140052,86,LBKPIECEkConfigDefault,A,0.6,0.1,0.95,-1.0924594562311543e-16,-0.050000000000000086,2.0109999999999997,1,1.0,0,1,0,0,1.00,,0.10370087623596191,0.10370087623596191,60,4.28470423
1763108198.5313416,87,LBKPIECEkConfigDefault,B,-0.6,-0.5,1.5,-1.0924594562311543e-16,-0.050000000000000086,2.0109999999999997,1,1.0,0,1,0,0,1.00,,0.13359355926513672,0.13359355926513672,25,2.399219696
1763108260.382737,88,LBKPIECEkConfigDefault,TOP_DIAG,0.45,0.45,1.8,-1.0924594562311543e-16,-0.050000000000000086,2.0109999999999997,1,0.55,4,5,4,4,1.00;0.90;0.80;0.70;0.55,1.00;0.90;0.80;0.70,0.1269972324371338,41.84609031677246,20,1.9728495019999999
1763108281.4768305,89,LBKPIECEkConfigDefault,LOW_BACK,-0.2,-0.8,0.65,-1.0924594562311543e-16,-0.050000000000000086,2.0109999999999997,1,0.8,2,3,2,2,1.00;0.90;0.80,1.00;0.90,0.1420912742614746,21.004136323928833,61,3.154882908
1763108281.7222106,90,LBKPIECEkConfigDefault,SIDE_SWEEP,0.8,-0.15,1.1,-1.0924594562311543e-16,-0.050000000000000086,2.0109999999999997,1,1.0,0,1,0,0,1.00,,0.1362450122833252,0.1362450122833252,47,3.6974358609999998
1763108282.0364492,91,BiTRRTkConfigDefault,A,0.6,0.1,0.95,-1.0924594562311543e-16,-0.050000000000000086,2.0109999999999997,1,1.0,0,1,0,0,1.00,,0.18145442008972168,0.18145442008972168,65,3.427925367
1763108298.5651224,92,BiTRRTkConfigDefault,B,-0.6,-0.5,1.5,-1.0924594562311543e-16,-0.050000000000000086,2.0109999999999997,1,1.0,0,1,0,0,1.00,,0.12776851654052734,0.12776851654052734,25,2.399436518
1763108360.5424917,93,BiTRRTkConfigDefault,TOP_DIAG,0.45,0.45,1.8,-1.0924594562311543e-16,-0.050000000000000086,2.0109999999999997,1,0.55,4,5,4,4,1.00;0.90;0.80;0.70;0.55,1.00;0.90;0.80;0.70,0.08981132507324219,41.940428495407104,20,1.969024678
1763108381.441949,94,BiTRRTkConfigDefault,LOW_BACK,-0.2,-0.8,0.65,-1.0924594562311543e-16,-0.050000000000000086,2.0109999999999997,1,0.8,2,3,2,2,1.00;0.90;0.80,1.00;0.90,0.09739303588867188,20.82270312309265,61,3.155611711
1763108381.7020752,95,BiTRRTkConfigDefault,SIDE_SWEEP,0.8,-0.15,1.1,-1.0924594562311543e-16,-0.050000000000000086,2.0109999999999997,1,1.0,0,1,0,0,1.00,,0.19019412994384766,0.19019412994384766,61,3.690623635
1763108382.0706923,96,BiTRRTkConfigDefault,A,0.6,0.1,0.95,-1.0924594562311543e-16,-0.050000000000000086,2.0109999999999997,1,1.0,0,1,0,0,1.00,,0.15539145469665527,0.15539145469665527,60,3.071107995
1763108398.9452362,97,BiTRRTkConfigDefault,B,-0.6,-0.5,1.5,-1.0924594562311543e-16,-0.050000000000000086,2.0109999999999997,1,1.0,0,1,0,0,1.00,,0.47739672660827637,0.47739672660827637,25,2.399376392
1763108461.5042603,98,BiTRRTkConfigDefault,TOP_DIAG,0.45,0.45,1.8,-1.0924594562311543e-16,-0.050000000000000086,2.0109999999999997,1,0.55,4,5,4,4,1.00;0.90;0.80;0.70;0.55,1.00;0.90;0.80;0.70,0.13111090660095215,43.100682735443115,20,1.969059573
1763108482.9378376,99,BiTRRTkConfigDefault,LOW_BACK,-0.2,-0.8,0.65,-1.0924594562311543e-16,-0.050000000000000086,2.0109999999999997,1,0.8,2,3,2,2,1.00;0.90;0.80,1.00;0.90,0.12083029747009277,21.270703315734863,61,3.108263087
1763108483.1415982,100,BiTRRTkConfigDefault,SIDE_SWEEP,0.8,-0.15,1.1,-1.0924594562311543e-16,-0.050000000000000086,2.0109999999999997,1,1.0,0,1,0,0,1.00,,0.1562638282775879,0.1562638282775879,58,3.29998813
1763108483.4254801,101,BiTRRTkConfigDefault,A,0.6,0.1,0.95,-1.0924594562311543e-16,-0.050000000000000086,2.0109999999999997,1,1.0,0,1,0,0,1.00,,0.10174679756164551,0.10174679756164551,60,3.142978448
1763108498.5940115,102,BiTRRTkConfigDefault,B,-0.6,-0.5,1.5,-1.0924594562311543e-16,-0.050000000000000086,2.0109999999999997,1,1.0,0,1,0,0,1.00,,0.12750625610351562,0.12750625610351562,25,2.396855172
1763108560.65141,103,BiTRRTkConfigDefault,TOP_DIAG,0.45,0.45,1.8,-1.0924594562311543e-16,-0.050000000000000086,2.0109999999999997,1,0.55,4,5,4,4,1.00;0.90;0.80;0.70;0.55,1.00;0.90;0.80;0.70,0.21724438667297363,42.21302390098572,20,1.970640181
1763108581.524348,104,BiTRRTkConfigDefault,LOW_BACK,-0.2,-0.8,0.65,-1.0924594562311543e-16,-0.050000000000000086,2.0109999999999997,1,0.8,2,3,2,2,1.00;0.90;0.80,1.00;0.90,0.08384585380554199,20.819336414337158,61,3.108206623
1763108581.80984,105,BiTRRTkConfigDefault,SIDE_SWEEP,0.8,-0.15,1.1,-1.0924594562311543e-16,-0.050000000000000086,2.0109999999999997,1,1.0,0,1,0,0,1.00,,0.2140820026397705,0.2140820026397705,49,2.759996707
1763108582.1146533,106,ABITstarkConfigDefault,A,0.6,0.1,0.95,-1.0924594562311543e-16,-0.050000000000000086,2.0109999999999997,1,1.0,0,1,0,0,1.00,,0.22031784057617188,0.22031784057617188,72,5.63564452
1763108598.5867538,107,ABITstarkConfigDefault,B,-0.6,-0.5,1.5,-1.0924594562311543e-16,-0.050000000000000086,2.0109999999999997,1,1.0,0,1,0,0,1.00,,0.18270659446716309,0.18270659446716309,49,3.060587606
1763108659.7148893,108,ABITstarkConfigDefault,TOP_DIAG,0.45,0.45,1.8,-1.0924594562311543e-16,-0.050000000000000086,2.0109999999999997,1,0.55,4,5,4,4,1.00;0.90;0.80;0.70;0.55,1.00;0.90;0.80;0.70,0.039724111557006836,41.16731071472168,20,1.971023481
1763108680.382647,109,ABITstarkConfigDefault,LOW_BACK,-0.2,-0.8,0.65,-1.0924594562311543e-16,-0.050000000000000086,2.0109999999999997,1,0.8,2,3,2,2,1.00;0.90;0.80,1.00;0.90,0.1899404525756836,20.57258653640747,61,3.123761837
1763108680.652933,110,ABITstarkConfigDefault,SIDE_SWEEP,0.8,-0.15,1.1,-1.0924594562311543e-16,-0.050000000000000086,2.0109999999999997,1,1.0,0,1,0,0,1.00,,0.16851019859313965,0.16851019859313965,47,3.6974358609999998
1763108680.879959,111,ABITstarkConfigDefault,A,0.6,0.1,0.95,-1.0924594562311543e-16,-0.050000000000000086,2.0109999999999997,1,1.0,0,1,0,0,1.00,,0.10314106941223145,0.10314106941223145,63,3.615909202
1763108698.6038184,112,ABITstarkConfigDefault,B,-0.6,-0.5,1.5,-1.0924594562311543e-16,-0.050000000000000086,2.0109999999999997,1,1.0,0,1,0,0,1.00,,0.12549710273742676,0.12549710273742676,54,3.329427501
1763108758.9401677,113,ABITstarkConfigDefault,TOP_DIAG,0.45,0.45,1.8,-1.0924594562311543e-16,-0.050000000000000086,2.0109999999999997,1,0.55,4,5,4,4,1.00;0.90;0.80;0.70;0.55,1.00;0.90;0.80;0.70,0.11887383460998535,40.515881061553955,20,1.9701244089999999
1763108780.8642561,114,ABITstarkConfigDefault,LOW_BACK,-0.2,-0.8,0.65,-1.0924594562311543e-16,-0.050000000000000086,2.0109999999999997,1,0.8,2,3,2,2,1.00;0.90;0.80,1.00;0.90,0.17781925201416016,21.842741012573242,61,3.117871678
1763108781.1106966,115,ABITstarkConfigDefault,SIDE_SWEEP,0.8,-0.15,1.1,-1.0924594562311543e-16,-0.050000000000000086,2.0109999999999997,1,1.0,0,1,0,0,1.00,,0.1398000717163086,0.1398000717163086,49,3.465368002
1763108781.3807733,116,ABITstarkConfigDefault,A,0.6,0.1,0.95,-1.0924594562311543e-16,-0.050000000000000086,2.0109999999999997,1,1.0,0,1,0,0,1.00,,0.19673871994018555,0.19673871994018555,60,3.073915528
1763108798.8916306,117,ABITstarkConfigDefault,B,-0.6,-0.5,1.5,-1.0924594562311543e-16,-0.050000000000000086,2.0109999999999997,1,1.0,0,1,0,0,1.00,,0.14673161506652832,0.14673161506652832,52,3.3151927580000002
1763108860.7308178,118,ABITstarkConfigDefault,TOP_DIAG,0.45,0.45,1.8,-1.0924594562311543e-16,-0.050000000000000086,2.0109999999999997,1,0.55,4,5,4,4,1.00;0.90;0.80;0.70;0.55,1.00;0.90;0.80;0.70,0.1385037899017334,42.3179931640625,20,1.971702866
1763108881.8271265,119,ABITstarkConfigDefault,LOW_BACK,-0.2,-0.8,0.65,-1.0924594562311543e-16,-0.050000000000000086,2.0109999999999997,1,0.8,2,3,2,2,1.00;0.90;0.80,1.00;0.90,0.12947320938110352,21.00746726989746,65,3.463050742
1763108882.1305008,120,ABITstarkConfigDefault,SIDE_SWEEP,0.8,-0.15,1.1,-1.0924594562311543e-16,-0.050000000000000086,2.0109999999999997,1,1.0,0,1,0,0,1.00,,0.20702481269836426,0.20702481269836426,40,2.86832364
1763108882.3285425,121,SPARSkConfigDefault,A,0.6,0.1,0.95,-1.0924594562311543e-16,-0.050000000000000086,2.0109999999999997,1,1.0,0,1,0,0,1.00,,0.1093451976776123,0.1093451976776123,72,3.290869064
1763108898.5524628,122,SPARSkConfigDefault,B,-0.6,-0.5,1.5,-1.0924594562311543e-16,-0.050000000000000086,2.0109999999999997,1,1.0,0,1,0,0,1.00,,0.14145874977111816,0.14145874977111816,38,2.368757133
1763108959.7507727,123,SPARSkConfigDefault,TOP_DIAG,0.45,0.45,1.8,-1.0924594562311543e-16,-0.050000000000000086,2.0109999999999997,1,0.55,4,5,4,4,1.00;0.90;0.80;0.70;0.55,1.00;0.90;0.80;0.70,0.07918262481689453,41.246724128723145,20,1.97299889
1763108981.0371156,124,SPARSkConfigDefault,LOW_BACK,-0.2,-0.8,0.65,-1.0924594562311543e-16,-0.050000000000000086,2.0109999999999997,1,0.8,2,3,2,2,1.00;0.90;0.80,1.00;0.90,0.1206059455871582,21.127748489379883,85,6.985075974
1763108981.2127278,125,SPARSkConfigDefault,SIDE_SWEEP,0.8,-0.15,1.1,-1.0924594562311543e-16,-0.050000000000000086,2.0109999999999997,1,1.0,0,1,0,0,1.00,,0.15530896186828613,0.15530896186828613,71,5.413848642
1763108981.4014485,126,SPARSkConfigDefault,A,0.6,0.1,0.95,-1.0924594562311543e-16,-0.050000000000000086,2.0109999999999997,1,1.0,0,1,0,0,1.00,,0.13338541984558105,0.13338541984558105,68,3.617375611
1763108998.6449308,127,SPARSkConfigDefault,B,-0.6,-0.5,1.5,-1.0924594562311543e-16,-0.050000000000000086,2.0109999999999997,1,1.0,0,1,0,0,1.00,,0.14859843254089355,0.14859843254089355,68,3.5978075560000002
1763109059.239651,128,SPARSkConfigDefault,TOP_DIAG,0.45,0.45,1.8,-1.0924594562311543e-16,-0.050000000000000086,2.0109999999999997,1,0.55,4,5,4,4,1.00;0.90;0.80;0.70;0.55,1.00;0.90;0.80;0.70,0.1212925910949707,40.7283353805542,20,1.968386984
1763109079.8982975,129,SPARSkConfigDefault,LOW_BACK,-0.2,-0.8,0.65,-1.0924594562311543e-16,-0.050000000000000086,2.0109999999999997,1,0.8,2,3,2,2,1.00;0.90;0.80,1.00;0.90,0.04594588279724121,20.534309148788452,61,3.149383967
1763109080.1143086,130,SPARSkConfigDefault,SIDE_SWEEP,0.8,-0.15,1.1,-1.0924594562311543e-16,-0.050000000000000086,2.0109999999999997,1,1.0,0,1,0,0,1.00,,0.14020895957946777,0.14020895957946777,39,2.839074317
1763109080.3134384,131,SPARSkConfigDefault,A,0.6,0.1,0.95,-1.0924594562311543e-16,-0.050000000000000086,2.0109999999999997,1,1.0,0,1,0,0,1.00,,0.13016223907470703,0.13016223907470703,63,3.615470857
1763109098.6655567,132,SPARSkConfigDefault,B,-0.6,-0.5,1.5,-1.0924594562311543e-16,-0.050000000000000086,2.0109999999999997,1,1.0,0,1,0,0,1.00,,0.25943946838378906,0.25943946838378906,40,4.300660296
1763109160.8297932,133,SPARSkConfigDefault,TOP_DIAG,0.45,0.45,1.8,-1.0924594562311543e-16,-0.050000000000000086,2.0109999999999997,1,0.55,4,5,4,4,1.00;0.90;0.80;0.70;0.55,1.00;0.90;0.80;0.70,1.0139789581298828,42.347187995910645,20,1.970413938
1763109192.9243393,134,SPARSkConfigDefault,LOW_BACK,-0.2,-0.8,0.65,-1.0924594562311543e-16,-0.050000000000000086,2.0109999999999997,1,0.7,3,4,3,3,1.00;0.90;0.80;0.70,1.00;0.90;0.80,0.13452482223510742,32.055996894836426,63,3.5043571079999998
1763109193.2075984,135,SPARSkConfigDefault,SIDE_SWEEP,0.8,-0.15,1.1,-1.0924594562311543e-16,-0.050000000000000086,2.0109999999999997,1,1.0,0,1,0,0,1.00,,0.1943955421447754,0.1943955421447754,47,3.03065076
1763109193.3826828,136,STRIDEkConfigDefault,A,0.6,0.1,0.95,-1.0924594562311543e-16,-0.050000000000000086,2.0109999999999997,1,1.0,0,1,0,0,1.00,,0.1049659252166748,0.1049659252166748,68,3.69668645
1763109198.5703998,137,STRIDEkConfigDefault,B,-0.6,-0.5,1.5,-1.0924594562311543e-16,-0.050000000000000086,2.0109999999999997,1,1.0,0,1,0,0,1.00,,0.19855093955993652,0.19855093955993652,25,2.404205666
1763109259.2919767,138,STRIDEkConfigDefault,TOP_DIAG,0.45,0.45,1.8,-1.0924594562311543e-16,-0.050000000000000086,2.0109999999999997,1,0.55,4,5,4,4,1.00;0.90;0.80;0.70;0.55,1.00;0.90;0.80;0.70,0.0797586441040039,40.84164619445801,20,1.9727135709999999
1763109279.9362292,139,STRIDEkConfigDefault,LOW_BACK,-0.2,-0.8,0.65,-1.0924594562311543e-16,-0.050000000000000086,2.0109999999999997,1,0.8,2,3,2,2,1.00;0.90;0.80,1.00;0.90,0.05118989944458008,20.605196475982666,61,3.108937259
1763109280.1620402,140,STRIDEkConfigDefault,SIDE_SWEEP,0.8,-0.15,1.1,-1.0924594562311543e-16,-0.050000000000000086,2.0109999999999997,1,1.0,0,1,0,0,1.00,,0.11716699600219727,0.11716699600219727,65,3.752931774
1763109280.464084,141,STRIDEkConfigDefault,A,0.6,0.1,0.95,-1.0924594562311543e-16,-0.050000000000000086,2.0109999999999997,1,1.0,0,1,0,0,1.00,,0.17895722389221191,0.17895722389221191,62,3.057725711
1763109309.1139731,142,STRIDEkConfigDefault,B,-0.6,-0.5,1.5,-1.0924594562311543e-16,-0.050000000000000086,2.0109999999999997,1,0.9,1,2,1,1,1.00;0.90,1.00,0.14758563041687012,10.586682796478271,51,3.676496644
1763109360.203959,143,STRIDEkConfigDefault,TOP_DIAG,0.45,0.45,1.8,-1.0924594562311543e-16,-0.050000000000000086,2.0109999999999997,1,0.55,4,5,4,4,1.00;0.90;0.80;0.70;0.55,1.00;0.90;0.80;0.70,0.09802675247192383,41.72280144691467,20,1.9711583620000002
1763109381.1903286,144,STRIDEkConfigDefault,LOW_BACK,-0.2,-0.8,0.65,-1.0924594562311543e-16,-0.050000000000000086,2.0109999999999997,1,0.8,2,3,2,2,1.00;0.90;0.80,1.00;0.90,0.18755698204040527,20.8373863697052,55,3.063554819
1763109381.4134889,145,STRIDEkConfigDefault,SIDE_SWEEP,0.8,-0.15,1.1,-1.0924594562311543e-16,-0.050000000000000086,2.0109999999999997,1,1.0,0,1,0,0,1.00,,0.08492732048034668,0.08492732048034668,44,2.910372723
1763109381.6145658,146,STRIDEkConfigDefault,A,0.6,0.1,0.95,-1.0924594562311543e-16,-0.050000000000000086,2.0109999999999997,1,1.0,0,1,0,0,1.00,,0.11151885986328125,0.11151885986328125,60,3.138646806
1763109409.0544608,147,STRIDEkConfigDefault,B,-0.6,-0.5,1.5,-1.0924594562311543e-16,-0.050000000000000086,2.0109999999999997,1,0.9,1,2,1,1,1.00;0.90,1.00,0.13914895057678223,10.654016256332397,55,3.6959071740000002
1763109462.0241268,148,STRIDEkConfigDefault,TOP_DIAG,0.45,0.45,1.8,-1.0924594562311543e-16,-0.050000000000000086,2.0109999999999997,1,0.55,4,5,4,4,1.00;0.90;0.80;0.70;0.55,1.00;0.90;0.80;0.70,0.6459267139434814,43.48223662376404,20,1.970770419
1763109483.0423343,149,STRIDEkConfigDefault,LOW_BACK,-0.2,-0.8,0.65,-1.0924594562311543e-16,-0.050000000000000086,2.0109999999999997,1,0.8,2,3,2,2,1.00;0.90;0.80,1.00;0.90,0.11254668235778809,20.894822359085083,61,3.119516714
1763109483.276276,150,STRIDEkConfigDefault,SIDE_SWEEP,0.8,-0.15,1.1,-1.0924594562311543e-16,-0.050000000000000086,2.0109999999999997,1,1.0,0,1,0,0,1.00,,0.10482311248779297,0.10482311248779297,44,2.884644844
1763109483.5995018,151,BFMTkConfigDefault,A,0.6,0.1,0.95,-1.0924594562311543e-16,-0.050000000000000086,2.0109999999999997,1,1.0,0,1,0,0,1.00,,0.15622520446777344,0.15622520446777344,63,4.976270244
1763109498.5571284,152,BFMTkConfigDefault,B,-0.6,-0.5,1.5,-1.0924594562311543e-16,-0.050000000000000086,2.0109999999999997,1,1.0,0,1,0,0,1.00,,0.1158754825592041,0.1158754825592041,25,2.404593806
1763109561.266315,153,BFMTkConfigDefault,TOP_DIAG,0.45,0.45,1.8,-1.0924594562311543e-16,-0.050000000000000086,2.0109999999999997,1,0.55,4,5,4,4,1.00;0.90;0.80;0.70;0.55,1.00;0.90;0.80;0.70,0.15026640892028809,42.65344476699829,20,1.968660775
1763109593.3096507,154,BFMTkConfigDefault,LOW_BACK,-0.2,-0.8,0.65,-1.0924594562311543e-16,-0.050000000000000086,2.0109999999999997,1,0.7,3,4,3,3,1.00;0.90;0.80;0.70,1.00;0.90;0.80,0.07063770294189453,32.00655961036682,57,3.109067143
1763109603.774559,155,BFMTkConfigDefault,SIDE_SWEEP,0.8,-0.15,1.1,-1.0924594562311543e-16,-0.050000000000000086,2.0109999999999997,1,0.9,1,2,1,1,1.00;0.90,1.00,0.22691822052001953,10.325394868850708,70,5.96710491
1763109603.9526532,156,BFMTkConfigDefault,A,0.6,0.1,0.95,-1.0924594562311543e-16,-0.050000000000000086,2.0109999999999997,1,1.0,0,1,0,0,1.00,,0.13156962394714355,0.13156962394714355,68,3.60973737
1763109604.1576724,157,BFMTkConfigDefault,B,-0.6,-0.5,1.5,-1.0924594562311543e-16,-0.050000000000000086,2.0109999999999997,1,1.0,0,1,0,0,1.00,,0.16122794151306152,0.16122794151306152,57,3.657169146
1763109660.3988914,158,BFMTkConfigDefault,TOP_DIAG,0.45,0.45,1.8,-1.0924594562311543e-16,-0.050000000000000086,2.0109999999999997,1,0.55,4,5,4,4,1.00;0.90;0.80;0.70;0.55,1.00;0.90;0.80;0.70,0.1468672752380371,41.860605001449585,20,1.973456304
1763109682.100329,159,BFMTkConfigDefault,LOW_BACK,-0.2,-0.8,0.65,-1.0924594562311543e-16,-0.050000000000000086,2.0109999999999997,1,0.8,2,3,2,2,1.00;0.90;0.80,1.00;0.90,0.9086239337921143,21.651792764663696,61,3.118609693
1763109682.373188,160,BFMTkConfigDefault,SIDE_SWEEP,0.8,-0.15,1.1,-1.0924594562311543e-16,-0.050000000000000086,2.0109999999999997,1,1.0,0,1,0,0,1.00,,0.14481377601623535,0.14481377601623535,47,3.7104775070000002
1763109682.59016,161,BFMTkConfigDefault,A,0.6,0.1,0.95,-1.0924594562311543e-16,-0.050000000000000086,2.0109999999999997,1,1.0,0,1,0,0,1.00,,0.1362910270690918,0.1362910270690918,60,3.074846925
1763109698.6083572,162,BFMTkConfigDefault,B,-0.6,-0.5,1.5,-1.0924594562311543e-16,-0.050000000000000086,2.0109999999999997,1,1.0,0,1,0,0,1.00,,0.13374686241149902,0.13374686241149902,30,2.373619916
1763109759.5124366,163,BFMTkConfigDefault,TOP_DIAG,0.45,0.45,1.8,-1.0924594562311543e-16,-0.050000000000000086,2.0109999999999997,1,0.55,4,5,4,4,1.00;0.90;0.80;0.70;0.55,1.00;0.90;0.80;0.70,0.09106206893920898,41.03104877471924,20,1.968885159
1763109780.2558722,164,BFMTkConfigDefault,LOW_BACK,-0.2,-0.8,0.65,-1.0924594562311543e-16,-0.050000000000000086,2.0109999999999997,1,0.8,2,3,2,2,1.00;0.90;0.80,1.00;0.90,0.1536562442779541,20.669890880584717,61,3.119614642
1763109780.502528,165,BFMTkConfigDefault,SIDE_SWEEP,0.8,-0.15,1.1,-1.0924594562311543e-16,-0.050000000000000086,2.0109999999999997,1,1.0,0,1,0,0,1.00,,0.19115710258483887,0.19115710258483887,49,2.938545891
